"Status","Start Time","Stop Time","Duration in ms","Parent Suite","Suite","Sub Suite","Test Class","Test Method","Name","Description"
"passed","Sat Mar 06 20:00:29 CST 2021","Sat Mar 06 20:00:29 CST 2021","0","","calc_test","TestCalc","","","test_mul[get_mul_data3]",""
"passed","Sat Mar 06 20:00:29 CST 2021","Sat Mar 06 20:00:29 CST 2021","10","","calc_test","TestCalc","","","test_add[get_add_data2]",""
"passed","Sat Mar 06 20:00:29 CST 2021","Sat Mar 06 20:00:29 CST 2021","140","","calc_test","TestCalc","","","test_add[get_add_data0]",""
"passed","Sat Mar 06 20:00:29 CST 2021","Sat Mar 06 20:00:29 CST 2021","0","","calc_test","TestCalc","","","test_div[get_div_data0]",""
"passed","Sat Mar 06 20:00:29 CST 2021","Sat Mar 06 20:00:29 CST 2021","0","","calc_test","TestCalc","","","test_mul[get_mul_data1]",""
"passed","Sat Mar 06 20:00:29 CST 2021","Sat Mar 06 20:00:29 CST 2021","0","","calc_test","TestCalc","","","test_mul[get_mul_data2]",""
"passed","Sat Mar 06 20:00:29 CST 2021","Sat Mar 06 20:00:29 CST 2021","0","","calc_test","TestCalc","","","test_sub[get_sub_data0]",""
"passed","Sat Mar 06 20:00:29 CST 2021","Sat Mar 06 20:00:29 CST 2021","0","","calc_test","TestCalc","","","test_sub[get_sub_data1]",""
"passed","Sat Mar 06 20:00:29 CST 2021","Sat Mar 06 20:00:29 CST 2021","15","","calc_test","TestCalc","","","test_add[get_add_data1]",""
"passed","Sat Mar 06 20:00:29 CST 2021","Sat Mar 06 20:00:29 CST 2021","0","","calc_test","TestCalc","","","test_mul[get_mul_data0]",""
"passed","Sat Mar 06 20:00:29 CST 2021","Sat Mar 06 20:00:29 CST 2021","10","","calc_test","TestCalc","","","test_add[get_add_data3]",""
"passed","Sat Mar 06 20:00:29 CST 2021","Sat Mar 06 20:00:29 CST 2021","0","","calc_test","TestCalc","","","test_sub[get_sub_data2]",""
"passed","Sat Mar 06 20:00:29 CST 2021","Sat Mar 06 20:00:29 CST 2021","0","","calc_test","TestCalc","","","test_div[get_div_data3]",""
"passed","Sat Mar 06 20:00:29 CST 2021","Sat Mar 06 20:00:29 CST 2021","0","","calc_test","TestCalc","","","test_div[get_div_data2]",""
"passed","Sat Mar 06 20:00:29 CST 2021","Sat Mar 06 20:00:29 CST 2021","10","","calc_test","TestCalc","","","test_sub[get_sub_data3]",""
"passed","Sat Mar 06 20:00:29 CST 2021","Sat Mar 06 20:00:29 CST 2021","0","","calc_test","TestCalc","","","test_div[get_div_data1]",""
